name,data_per_month,data_per_day,data_exhaustion_speed,call_minutes,text_messages,price_initial,mobile_carrier_id,cta_url
[종료]뉴천사요금제,100,,,0,0,550,20,https://www.tplusmobile.com/view/phoneChrgeSystem/getUsimChrgeSystemList.do
[BIG EVENT] 뉴음성천사,500,,,50,0,3300,20,https://www.tplusmobile.com/view/phoneChrgeSystem/getUsimChrgeSystemList.do
[BIG EVENT] 뉴데이터천사,900,,,30,0,3900,20,https://www.tplusmobile.com/view/phoneChrgeSystem/getUsimChrgeSystemList.do
[EVENT]허브데이터9,1300,,,0,0,9790,20,https://www.tplusmobile.com/view/phoneChrgeSystem/getUsimChrgeSystemList.do
[EVENT]허브데이터14,2000,,,0,0,14190,20,https://www.tplusmobile.com/view/phoneChrgeSystem/getUsimChrgeSystemList.do
영구 요금제,0,,,0,0,7590,20,https://www.tplusmobile.com/view/phoneChrgeSystem/getUsimChrgeSystemList.do
반값 요금제,0,,,0,0,6050,20,https://www.tplusmobile.com/view/phoneChrgeSystem/getUsimChrgeSystemList.do
일반 요금제,0,,,0,0,12100,20,https://www.tplusmobile.com/view/phoneChrgeSystem/getUsimChrgeSystemList.do
[BIG EVENT]허브데이터9,1300,,,0,0,9790,20,https://www.tplusmobile.com/view/phoneChrgeSystem/getUsimChrgeSystemList.do
[BIG EVENT]허브데이터14,2000,,,0,0,14190,20,https://www.tplusmobile.com/view/phoneChrgeSystem/getUsimChrgeSystemList.do
[BIG EVENT] 뉴허브데이터14,2000,,,30,0,6990,20,https://www.tplusmobile.com/view/phoneChrgeSystem/getUsimChrgeSystemList.do
[BIG EVENT] 뉴허브데이터9,1300,,,30,0,4290,20,https://www.tplusmobile.com/view/phoneChrgeSystem/getUsimChrgeSystemList.do
티플자녀100분 (6개월할인),0,,,100,100,1470,20,https://www.tplusmobile.com/view/phoneChrgeSystem/getUsimChrgeSystemList.do
티플자녀150분 (6개월할인),0,,,150,150,4400,20,https://www.tplusmobile.com/view/phoneChrgeSystem/getUsimChrgeSystemList.do
[번개]티플자녀100분,0,,,100,100,2950,20,https://www.tplusmobile.com/view/phoneChrgeSystem/getUsimChrgeSystemList.do
[번개]티플자녀150분,0,,,150,150,4400,20,https://www.tplusmobile.com/view/phoneChrgeSystem/getUsimChrgeSystemList.do
티플자녀500건 (6개월할인),0,,,100,500,2450,20,https://www.tplusmobile.com/view/phoneChrgeSystem/getUsimChrgeSystemList.do
티플자녀1000건 (6개월할인),0,,,150,1000,4450,20,https://www.tplusmobile.com/view/phoneChrgeSystem/getUsimChrgeSystemList.do
자율 24,0,,,0,0,26400,20,https://www.tplusmobile.com/view/phoneChrgeSystem/getUsimChrgeSystemList.do
자율 34,0,,,0,0,37400,20,https://www.tplusmobile.com/view/phoneChrgeSystem/getUsimChrgeSystemList.do
자율 44,0,,,0,0,48400,20,https://www.tplusmobile.com/view/phoneChrgeSystem/getUsimChrgeSystemList.do
음성 74,0,,,850,0,81400,20,https://www.tplusmobile.com/view/phoneChrgeSystem/getUsimChrgeSystemList.do
USIM스마트19,500,,,120,50,20900,20,https://www.tplusmobile.com/view/phoneChrgeSystem/getUsimChrgeSystemList.do
USIM스마트24,700,,,150,50,23320,20,https://www.tplusmobile.com/view/phoneChrgeSystem/getUsimChrgeSystemList.do
USIM스마트29,900,,,180,50,27940,20,https://www.tplusmobile.com/view/phoneChrgeSystem/getUsimChrgeSystemList.do
USIM스마트34,1100,,,210,100,32560,20,https://www.tplusmobile.com/view/phoneChrgeSystem/getUsimChrgeSystemList.do
USIM스마트39,1300,,,240,100,37180,20,https://www.tplusmobile.com/view/phoneChrgeSystem/getUsimChrgeSystemList.do
USIM스마트49,1700,,,270,100,47080,20,https://www.tplusmobile.com/view/phoneChrgeSystem/getUsimChrgeSystemList.do
USIM스마트55,2000,,,300,100,52800,20,https://www.tplusmobile.com/view/phoneChrgeSystem/getUsimChrgeSystemList.do
자율 캡 10,0,,,0,0,11000,20,https://www.tplusmobile.com/view/phoneChrgeSystem/getUsimChrgeSystemList.do
자율 캡 17,0,,,0,0,18700,20,https://www.tplusmobile.com/view/phoneChrgeSystem/getUsimChrgeSystemList.do
자율 캡 26,0,,,0,0,28600,20,https://www.tplusmobile.com/view/phoneChrgeSystem/getUsimChrgeSystemList.do
자율 캡 30,0,,,0,0,33000,20,https://www.tplusmobile.com/view/phoneChrgeSystem/getUsimChrgeSystemList.do
[BIG EVENT]USIM 선택 100M 2,100,,,25,0,1450,20,https://www.tplusmobile.com/view/phoneChrgeSystem/getUsimChrgeSystemList.do
USIM 선택 100M 3,100,,,50,0,3900,20,https://www.tplusmobile.com/view/phoneChrgeSystem/getUsimChrgeSystemList.do
USIM 선택 100M 4,100,,,75,0,4900,20,https://www.tplusmobile.com/view/phoneChrgeSystem/getUsimChrgeSystemList.do
[BIG EVENT]USIM 선택 100M 5,100,,,100,0,2900,20,https://www.tplusmobile.com/view/phoneChrgeSystem/getUsimChrgeSystemList.do
USIM 선택 100M 7,100,,,150,0,7900,20,https://www.tplusmobile.com/view/phoneChrgeSystem/getUsimChrgeSystemList.do
USIM 선택 300M 3,300,,,25,0,3900,20,https://www.tplusmobile.com/view/phoneChrgeSystem/getUsimChrgeSystemList.do
[BIG EVENT] USIM 선택 300M 4,300,,,50,0,2450,20,https://www.tplusmobile.com/view/phoneChrgeSystem/getUsimChrgeSystemList.do
USIM 선택 300M 5,300,,,75,0,5900,20,https://www.tplusmobile.com/view/phoneChrgeSystem/getUsimChrgeSystemList.do
USIM 선택 300M 6,300,,,100,0,6900,20,https://www.tplusmobile.com/view/phoneChrgeSystem/getUsimChrgeSystemList.do
USIM 선택 300M 8,300,,,150,0,8900,20,https://www.tplusmobile.com/view/phoneChrgeSystem/getUsimChrgeSystemList.do
USIM 선택 500M 4,500,,,25,0,4900,20,https://www.tplusmobile.com/view/phoneChrgeSystem/getUsimChrgeSystemList.do
USIM 선택 500M 5,500,,,50,0,5900,20,https://www.tplusmobile.com/view/phoneChrgeSystem/getUsimChrgeSystemList.do
[BIG EVENT] USIM 선택 500M 6,500,,,75,0,3450,20,https://www.tplusmobile.com/view/phoneChrgeSystem/getUsimChrgeSystemList.do
[BIG EVENT]USIM 선택 500M 7,500,,,100,0,4400,20,https://www.tplusmobile.com/view/phoneChrgeSystem/getUsimChrgeSystemList.do
[BIG EVENT]USIM 선택 500M 9,500,,,150,0,5900,20,https://www.tplusmobile.com/view/phoneChrgeSystem/getUsimChrgeSystemList.do
USIM 선택 700M 5,700,,,25,0,5900,20,https://www.tplusmobile.com/view/phoneChrgeSystem/getUsimChrgeSystemList.do
USIM 선택 700M 6,700,,,50,0,6900,20,https://www.tplusmobile.com/view/phoneChrgeSystem/getUsimChrgeSystemList.do
USIM 선택 700M 7,700,,,75,0,7900,20,https://www.tplusmobile.com/view/phoneChrgeSystem/getUsimChrgeSystemList.do
[BIG EVENT] USIM 선택 700M 8,700,,,100,0,6900,20,https://www.tplusmobile.com/view/phoneChrgeSystem/getUsimChrgeSystemList.do
USIM 선택 700M 10,700,,,150,0,10900,20,https://www.tplusmobile.com/view/phoneChrgeSystem/getUsimChrgeSystemList.do
USIM 선택 1GB 7,1000,,,25,0,7900,20,https://www.tplusmobile.com/view/phoneChrgeSystem/getUsimChrgeSystemList.do
USIM 선택 1GB 8,1000,,,50,0,8900,20,https://www.tplusmobile.com/view/phoneChrgeSystem/getUsimChrgeSystemList.do
USIM 선택 1GB 9,1000,,,75,0,9900,20,https://www.tplusmobile.com/view/phoneChrgeSystem/getUsimChrgeSystemList.do
[BIG EVENT] USIM 선택 1GB 10,1000,,,100,0,8400,20,https://www.tplusmobile.com/view/phoneChrgeSystem/getUsimChrgeSystemList.do
USIM 선택 1GB 12,1000,,,150,0,12900,20,https://www.tplusmobile.com/view/phoneChrgeSystem/getUsimChrgeSystemList.do
USIM 선택 1.5GB 12,1500,,,25,0,12900,20,https://www.tplusmobile.com/view/phoneChrgeSystem/getUsimChrgeSystemList.do
[BIG EVENT] USIM 선택 1.5GB 13,1500,,,50,0,9900,20,https://www.tplusmobile.com/view/phoneChrgeSystem/getUsimChrgeSystemList.do
USIM 선택 1.5GB 14,1500,,,75,0,14900,20,https://www.tplusmobile.com/view/phoneChrgeSystem/getUsimChrgeSystemList.do
[BIG EVENT] USIM 선택 1.5GB 15,1500,,,100,0,11400,20,https://www.tplusmobile.com/view/phoneChrgeSystem/getUsimChrgeSystemList.do
USIM 선택 1.5GB 17,1500,,,150,0,17900,20,https://www.tplusmobile.com/view/phoneChrgeSystem/getUsimChrgeSystemList.do
USIM 3G 데이터중심 19,300,,,-1,-1,19700,20,https://www.tplusmobile.com/view/phoneChrgeSystem/getUsimChrgeSystemList.do
USIM 3G 데이터중심 25,1200,,,-1,-1,25700,20,https://www.tplusmobile.com/view/phoneChrgeSystem/getUsimChrgeSystemList.do
USIM 3G 데이터중심 29,2200,,,-1,-1,29900,20,https://www.tplusmobile.com/view/phoneChrgeSystem/getUsimChrgeSystemList.do
USIM 3G 데이터중심 34,3500,,,-1,-1,34400,20,https://www.tplusmobile.com/view/phoneChrgeSystem/getUsimChrgeSystemList.do
USIM 3G 데이터중심 37,6500,,,-1,-1,37300,20,https://www.tplusmobile.com/view/phoneChrgeSystem/getUsimChrgeSystemList.do
USIM 3G 데이터중심 42,11000,,,-1,-1,42800,20,https://www.tplusmobile.com/view/phoneChrgeSystem/getUsimChrgeSystemList.do
USIM 3G 망내23,0,,,30,-1,22000,20,https://www.tplusmobile.com/view/phoneChrgeSystem/getUsimChrgeSystemList.do
USIM 3G 망내28,550,,,80,-1,23100,20,https://www.tplusmobile.com/view/phoneChrgeSystem/getUsimChrgeSystemList.do
USIM 3G 망내34,1100,,,130,-1,29700,20,https://www.tplusmobile.com/view/phoneChrgeSystem/getUsimChrgeSystemList.do
USIM 3G 망내41,2000,,,180,-1,36300,20,https://www.tplusmobile.com/view/phoneChrgeSystem/getUsimChrgeSystemList.do
USIM 3G 망내47,5000,,,280,-1,42900,20,https://www.tplusmobile.com/view/phoneChrgeSystem/getUsimChrgeSystemList.do
USIM 3G 망내56,7900,,,380,-1,49500,20,https://www.tplusmobile.com/view/phoneChrgeSystem/getUsimChrgeSystemList.do
USIM 3G 망내66,11900,,,500,-1,56100,20,https://www.tplusmobile.com/view/phoneChrgeSystem/getUsimChrgeSystemList.do
USIM 3G 망내77,15900,,,800,-1,66000,20,https://www.tplusmobile.com/view/phoneChrgeSystem/getUsimChrgeSystemList.do
복지표준,0,,,0,0,3850,20,https://www.tplusmobile.com/view/phoneChrgeSystem/getUsimChrgeSystemList.do
복지 데이터천사,200,,,15,0,5504,20,https://www.tplusmobile.com/view/phoneChrgeSystem/getUsimChrgeSystemList.do
USIM LTE 데이터중심 19,300,,,-1,-1,14200,20,https://www.tplusmobile.com/view/phoneChrgeSystem/getUsimChrgeSystemList.do
USIM LTE 데이터중심 25,1200,,,-1,-1,25700,20,https://www.tplusmobile.com/view/phoneChrgeSystem/getUsimChrgeSystemList.do
USIM LTE 데이터중심 29,2200,,,-1,-1,29900,20,https://www.tplusmobile.com/view/phoneChrgeSystem/getUsimChrgeSystemList.do
USIM LTE 데이터중심 34,3500,,,-1,-1,34400,20,https://www.tplusmobile.com/view/phoneChrgeSystem/getUsimChrgeSystemList.do
USIM LTE 데이터중심 37,6500,,,-1,-1,37300,20,https://www.tplusmobile.com/view/phoneChrgeSystem/getUsimChrgeSystemList.do
USIM LTE 데이터중심 42,11000,,,-1,-1,33000,20,https://www.tplusmobile.com/view/phoneChrgeSystem/getUsimChrgeSystemList.do
"USIM LTE 14 (평생 월3,500원)",1000,,,100,100,3500,20,https://www.tplusmobile.com/view/phoneChrgeSystem/getUsimChrgeSystemList.do
USIM LTE 15(음성형),250,,,100,0,16500,20,https://www.tplusmobile.com/view/phoneChrgeSystem/getUsimChrgeSystemList.do
USIM LTE 15(데이터형),650,,,30,0,16500,20,https://www.tplusmobile.com/view/phoneChrgeSystem/getUsimChrgeSystemList.do
USIM LTE 17,800,,,120,200,18700,20,https://www.tplusmobile.com/view/phoneChrgeSystem/getUsimChrgeSystemList.do
USIM LTE 21,1600,,,180,200,23100,20,https://www.tplusmobile.com/view/phoneChrgeSystem/getUsimChrgeSystemList.do
USIM LTE 26,2600,,,250,250,28600,20,https://www.tplusmobile.com/view/phoneChrgeSystem/getUsimChrgeSystemList.do
USIM LTE 42,5000,,,350,350,40920,20,https://www.tplusmobile.com/view/phoneChrgeSystem/getUsimChrgeSystemList.do
USIM LTE 51,8800,,,450,450,47520,20,https://www.tplusmobile.com/view/phoneChrgeSystem/getUsimChrgeSystemList.do
USIM LTE 61,13000,,,650,650,56100,20,https://www.tplusmobile.com/view/phoneChrgeSystem/getUsimChrgeSystemList.do
USIM LTE 71,18000,,,1050,1050,66000,20,https://www.tplusmobile.com/view/phoneChrgeSystem/getUsimChrgeSystemList.do
"USIM LTE 4 (평생 월1,990원)",1000,,,50,0,1990,20,https://www.tplusmobile.com/view/phoneChrgeSystem/getUsimChrgeSystemList.do
"USIM LTE 5 (평생 월2,400원)",1300,,,50,0,2400,20,https://www.tplusmobile.com/view/phoneChrgeSystem/getUsimChrgeSystemList.do
USIM LTE선택 100분3GB,3000,,,100,100,16500,20,https://www.tplusmobile.com/view/phoneChrgeSystem/getUsimChrgeSystemList.do
USIM LTE선택 100분6GB,6000,,,100,100,17900,20,https://www.tplusmobile.com/view/phoneChrgeSystem/getUsimChrgeSystemList.do
LTE안심 무한15GB,15000,,,100,100,25300,20,https://www.tplusmobile.com/view/phoneChrgeSystem/getUsimChrgeSystemList.do
USIM LTE 100분3G,3000,,,100,100,9900,20,https://www.tplusmobile.com/view/phoneChrgeSystem/getUsimChrgeSystemList.do
티플완전마음껏 7GB+,7000,,,-1,-1,17600,20,https://www.tplusmobile.com/view/phoneChrgeSystem/getUsimChrgeSystemList.do
티플데이터3G+,3000,,,200,100,10450,20,https://www.tplusmobile.com/view/phoneChrgeSystem/getUsimChrgeSystemList.do
티플데이터5G+,5000,,,200,100,12650,20,https://www.tplusmobile.com/view/phoneChrgeSystem/getUsimChrgeSystemList.do
티플 10GB (10GB/0분),10000,,,0,0,7500,20,https://www.tplusmobile.com/view/phoneChrgeSystem/getUsimChrgeSystemList.do
티플 10GB (10GB/100분),10000,,,100,100,7990,20,https://www.tplusmobile.com/view/phoneChrgeSystem/getUsimChrgeSystemList.do
티플 10GB (10GB/200분),10000,,,200,100,8500,20,https://www.tplusmobile.com/view/phoneChrgeSystem/getUsimChrgeSystemList.do
티플 10GB (10GB/300분),10000,,,300,100,8990,20,https://www.tplusmobile.com/view/phoneChrgeSystem/getUsimChrgeSystemList.do
티플 가성비 (300분/6GB),6000,,,300,300,6000,20,https://www.tplusmobile.com/view/phoneChrgeSystem/getUsimChrgeSystemList.do
USIM LTE 망내28,550,,,80,-1,23100,20,https://www.tplusmobile.com/view/phoneChrgeSystem/getUsimChrgeSystemList.do
USIM LTE 망내34,1100,,,130,-1,29700,20,https://www.tplusmobile.com/view/phoneChrgeSystem/getUsimChrgeSystemList.do
USIM LTE 망내41,2000,,,180,0,36300,20,https://www.tplusmobile.com/view/phoneChrgeSystem/getUsimChrgeSystemList.do
USIM LTE 망내47,5000,,,280,-1,42900,20,https://www.tplusmobile.com/view/phoneChrgeSystem/getUsimChrgeSystemList.do
USIM LTE 망내56,8000,,,380,-1,55000,20,https://www.tplusmobile.com/view/phoneChrgeSystem/getUsimChrgeSystemList.do
USIM LTE 망내66,12000,,,500,-1,56100,20,https://www.tplusmobile.com/view/phoneChrgeSystem/getUsimChrgeSystemList.do
USIM LTE 망내77,16000,,,800,-1,66000,20,https://www.tplusmobile.com/view/phoneChrgeSystem/getUsimChrgeSystemList.do
복지 USIM LTE21,800,,,120,200,22000,20,https://www.tplusmobile.com/view/phoneChrgeSystem/getUsimChrgeSystemList.do
LTE 복지 (100분/3G),3000,,,100,100,7920,20,https://www.tplusmobile.com/view/phoneChrgeSystem/getUsimChrgeSystemList.do
eSIM표준 (1년간 6개월 0원),0,,,100,100,2900,20,https://www.tplusmobile.com/view/phoneChrgeSystem/getUsimChrgeSystemList.do
eSIM 1G (1년간 6개월 0원),1000,,,100,100,4950,20,https://www.tplusmobile.com/view/phoneChrgeSystem/getUsimChrgeSystemList.do
eSIM 6G,6000,,,100,100,17900,20,https://www.tplusmobile.com/view/phoneChrgeSystem/getUsimChrgeSystemList.do
eSIM 10G,10000,,,100,100,21400,20,https://www.tplusmobile.com/view/phoneChrgeSystem/getUsimChrgeSystemList.do
eSIM음성마음껏,300,,,-1,-1,14200,20,https://www.tplusmobile.com/view/phoneChrgeSystem/getUsimChrgeSystemList.do
eSIM데이터마음껏,15000,,,100,100,25300,20,https://www.tplusmobile.com/view/phoneChrgeSystem/getUsimChrgeSystemList.do
eSIM완전마음껏,11000,,,-1,-1,33000,20,https://www.tplusmobile.com/view/phoneChrgeSystem/getUsimChrgeSystemList.do
eSIM 3G (1년간 6개월 0원),3000,,,100,100,9900,20,https://www.tplusmobile.com/view/phoneChrgeSystem/getUsimChrgeSystemList.do
eSIM완전마음껏 7GB+,7000,,,-1,-1,17600,20,https://www.tplusmobile.com/view/phoneChrgeSystem/getUsimChrgeSystemList.do
[GS25] eSIM표준(1년간 6개월 0원),0,,,100,100,2900,20,https://www.tplusmobile.com/view/phoneChrgeSystem/getUsimChrgeSystemList.do
[GS25] eSIM 1G(1년간 6개월 0원),1000,,,100,100,4950,20,https://www.tplusmobile.com/view/phoneChrgeSystem/getUsimChrgeSystemList.do
[GS25] eSIM 3G(1년간 6개월 0원),3000,,,100,100,9900,20,https://www.tplusmobile.com/view/phoneChrgeSystem/getUsimChrgeSystemList.do
[GS25] eSIM음성마음껏,300,,,-1,-1,14200,20,https://www.tplusmobile.com/view/phoneChrgeSystem/getUsimChrgeSystemList.do
[GS25] eSIM완전마음껏7GB+,7000,,,-1,-1,17600,20,https://www.tplusmobile.com/view/phoneChrgeSystem/getUsimChrgeSystemList.do
[GS25] eSIM데이터마음껏,15000,,,100,100,25300,20,https://www.tplusmobile.com/view/phoneChrgeSystem/getUsimChrgeSystemList.do
[GS25] eSIM완전마음껏,11000,,,-1,-1,33000,20,https://www.tplusmobile.com/view/phoneChrgeSystem/getUsimChrgeSystemList.do
eSIM데이터3G+,3000,,,200,100,10450,20,https://www.tplusmobile.com/view/phoneChrgeSystem/getUsimChrgeSystemList.do
eSIM데이터5G+,5000,,,200,100,12650,20,https://www.tplusmobile.com/view/phoneChrgeSystem/getUsimChrgeSystemList.do
[SO] eSIM표준,0,,,100,100,2900,20,https://www.tplusmobile.com/view/phoneChrgeSystem/getUsimChrgeSystemList.do
[SO] eSIM데이터3G+,3000,,,200,100,10450,20,https://www.tplusmobile.com/view/phoneChrgeSystem/getUsimChrgeSystemList.do
[SO] eSIM데이터5G+,5000,,,200,100,12650,20,https://www.tplusmobile.com/view/phoneChrgeSystem/getUsimChrgeSystemList.do
[SO] eSIM완전마음껏7GB+,7000,,,-1,-1,17600,20,https://www.tplusmobile.com/view/phoneChrgeSystem/getUsimChrgeSystemList.do
[SO] eSIM 3G,3000,,,100,100,9900,20,https://www.tplusmobile.com/view/phoneChrgeSystem/getUsimChrgeSystemList.do
[SO] eSIM완전마음껏,11000,,,-1,-1,33000,20,https://www.tplusmobile.com/view/phoneChrgeSystem/getUsimChrgeSystemList.do
[SO] eSIM데이터마음껏,15000,,,100,100,25300,20,https://www.tplusmobile.com/view/phoneChrgeSystem/getUsimChrgeSystemList.do
[SO] eSIM음성마음껏,300,,,-1,-1,14200,20,https://www.tplusmobile.com/view/phoneChrgeSystem/getUsimChrgeSystemList.do
eSIM 티플 10GB (10GB/0분),10000,,,0,0,7500,20,https://www.tplusmobile.com/view/phoneChrgeSystem/getUsimChrgeSystemList.do
eSIM 티플 10GB (10GB/100분),10000,,,100,100,7990,20,https://www.tplusmobile.com/view/phoneChrgeSystem/getUsimChrgeSystemList.do
eSIM 티플 10GB (10GB/200분),10000,,,200,100,8500,20,https://www.tplusmobile.com/view/phoneChrgeSystem/getUsimChrgeSystemList.do
eSIM 티플 10GB (10GB/300분),10000,,,300,100,8990,20,https://www.tplusmobile.com/view/phoneChrgeSystem/getUsimChrgeSystemList.do
eSIM 티플 가성비 (300분/6GB),6000,,,300,300,6000,20,https://www.tplusmobile.com/view/phoneChrgeSystem/getUsimChrgeSystemList.do
eSIM선불 5GB,5000,,,0,0,22900,20,https://www.tplusmobile.com/view/phoneChrgeSystem/getUsimChrgeSystemList.do
eSIM선불 2GB,2000,,,0,0,11900,20,https://www.tplusmobile.com/view/phoneChrgeSystem/getUsimChrgeSystemList.do
eSIM선불 1GB,1000,,,0,0,7900,20,https://www.tplusmobile.com/view/phoneChrgeSystem/getUsimChrgeSystemList.do
eSIM선불 500MB,500,,,0,0,5900,20,https://www.tplusmobile.com/view/phoneChrgeSystem/getUsimChrgeSystemList.do
티플포유 1.8G/50분 (7개월할인),1800,,,50,50,0,20,https://www.tplusmobile.com/view/phoneChrgeSystem/getUsimChrgeSystemList.do
티플포유 2G/200분 (7개월할인),2000,,,200,100,0,20,https://www.tplusmobile.com/view/phoneChrgeSystem/getUsimChrgeSystemList.do
티플포유 3G/100분 (7개월할인),3000,,,100,100,1100,20,https://www.tplusmobile.com/view/phoneChrgeSystem/getUsimChrgeSystemList.do
티플포유 6G/500분 (7개월할인),6000,,,500,100,4840,20,https://www.tplusmobile.com/view/phoneChrgeSystem/getUsimChrgeSystemList.do
티플 가성비 (300분/6GB),6000,,,300,300,6000,20,https://www.tplusmobile.com/view/phoneChrgeSystem/getUsimChrgeSystemList.do
티플포유 안심 2.5G/250분 (7개월할인),2500,,,250,250,5500,20,https://www.tplusmobile.com/view/phoneChrgeSystem/getUsimChrgeSystemList.do
티플포유 안심 5G/200분,5000,,,200,100,15400,20,https://www.tplusmobile.com/view/phoneChrgeSystem/getUsimChrgeSystemList.do
티플위드유 음성400 (7개월할인),100,,,400,400,2300,20,https://www.tplusmobile.com/view/phoneChrgeSystem/getUsimChrgeSystemList.do
티플위드유 데이터3G (7개월할인),3000,,,200,200,3080,20,https://www.tplusmobile.com/view/phoneChrgeSystem/getUsimChrgeSystemList.do
티플위드유 데이터4G,4000,,,360,360,7500,20,https://www.tplusmobile.com/view/phoneChrgeSystem/getUsimChrgeSystemList.do
티플위드유 데이터6G,6000,,,360,360,8500,20,https://www.tplusmobile.com/view/phoneChrgeSystem/getUsimChrgeSystemList.do
티플 완전마음껏6G+ (7개월할인),6000,,,-1,-1,12100,20,https://www.tplusmobile.com/view/phoneChrgeSystem/getUsimChrgeSystemList.do
티플 완전마음껏7G+ (7개월할인),7000,,,-1,-1,13200,20,https://www.tplusmobile.com/view/phoneChrgeSystem/getUsimChrgeSystemList.do
티플 완전마음껏11G+ (7개월할인),11000,,,-1,-1,29700,20,https://www.tplusmobile.com/view/phoneChrgeSystem/getUsimChrgeSystemList.do
티플태블릿 데이터20G (7개월할인),20000,,,0,0,6600,20,https://www.tplusmobile.com/view/phoneChrgeSystem/getUsimChrgeSystemList.do
티플 데이터마음껏15G+ (4개월할인),15000,,,100,100,10890,20,https://www.tplusmobile.com/view/phoneChrgeSystem/getUsimChrgeSystemList.do
티플 10GB (10GB/0분),10000,,,0,0,7500,20,https://www.tplusmobile.com/view/phoneChrgeSystem/getUsimChrgeSystemList.do
티플 10GB (10GB/100분),10000,,,100,100,7990,20,https://www.tplusmobile.com/view/phoneChrgeSystem/getUsimChrgeSystemList.do
티플 10GB (10GB/200분),10000,,,200,100,8500,20,https://www.tplusmobile.com/view/phoneChrgeSystem/getUsimChrgeSystemList.do
티플 10GB (10GB/300분),10000,,,300,100,8990,20,https://www.tplusmobile.com/view/phoneChrgeSystem/getUsimChrgeSystemList.do
LTE 복지 (200분/5GB+),5000,,,200,100,12320,20,https://www.tplusmobile.com/view/phoneChrgeSystem/getUsimChrgeSystemList.do
5G티플유심 더빠른슬림,10000,,,-1,-1,42900,20,https://www.tplusmobile.com/view/phoneChrgeSystem/getUsimChrgeSystemList.do
5G데이터선택 400분/5G,5000,,,400,150,18300,20,https://www.tplusmobile.com/view/phoneChrgeSystem/getUsimChrgeSystemList.do
5G데이터선택 400분/6G,6000,,,400,150,20800,20,https://www.tplusmobile.com/view/phoneChrgeSystem/getUsimChrgeSystemList.do
5G데이터선택 400분/9G,9000,,,400,150,28400,20,https://www.tplusmobile.com/view/phoneChrgeSystem/getUsimChrgeSystemList.do
USIM LTE 선택10GB,10000,,,100,100,28600,20,https://www.tplusmobile.com/view/phoneChrgeSystem/getUsimChrgeSystemList.do
USIM LTE 선택1GB,1000,,,100,100,10900,20,https://www.tplusmobile.com/view/phoneChrgeSystem/getUsimChrgeSystemList.do
USIM LTE 선택2GB,2000,,,100,100,16500,20,https://www.tplusmobile.com/view/phoneChrgeSystem/getUsimChrgeSystemList.do
USIM LTE 선택3GB,3000,,,100,100,19800,20,https://www.tplusmobile.com/view/phoneChrgeSystem/getUsimChrgeSystemList.do
USIM LTE 선택6GB,6000,,,100,100,23100,20,https://www.tplusmobile.com/view/phoneChrgeSystem/getUsimChrgeSystemList.do
티플안심 무한15GB,15000,,,100,100,27500,20,https://www.tplusmobile.com/view/phoneChrgeSystem/getUsimChrgeSystemList.do
USIM LTE 데이터선택300M,300,,,-1,-1,17600,20,https://www.tplusmobile.com/view/phoneChrgeSystem/getUsimChrgeSystemList.do
USIM LTE 데이터선택1GB,1000,,,-1,-1,20900,20,https://www.tplusmobile.com/view/phoneChrgeSystem/getUsimChrgeSystemList.do
USIM LTE 데이터선택3GB,3000,,,-1,-1,29700,20,https://www.tplusmobile.com/view/phoneChrgeSystem/getUsimChrgeSystemList.do
USIM LTE 데이터선택10GB,10000,,,-1,-1,34000,20,https://www.tplusmobile.com/view/phoneChrgeSystem/getUsimChrgeSystemList.do
USIM LTE 데이터선택6GB,6000,,,-1,-1,33000,20,https://www.tplusmobile.com/view/phoneChrgeSystem/getUsimChrgeSystemList.do
USIM LTE 베이직1.4GB,1400,,,-1,-1,16500,20,https://www.tplusmobile.com/view/phoneChrgeSystem/getUsimChrgeSystemList.do
티플파워 유심1.0GB (6개월 할인),1000,,,50,50,3380,20,https://www.tplusmobile.com/view/phoneChrgeSystem/getUsimChrgeSystemList.do
티플 파워유심 1.5GB,1500,,,150,150,9900,20,https://www.tplusmobile.com/view/phoneChrgeSystem/getUsimChrgeSystemList.do
티플파워 유심3.0GB (6개월 할인),3000,,,100,100,5500,20,https://www.tplusmobile.com/view/phoneChrgeSystem/getUsimChrgeSystemList.do
티플 파워플러스4,500,,,240,240,4400,20,https://www.tplusmobile.com/view/phoneChrgeSystem/getUsimChrgeSystemList.do
티플 파워플러스8,4000,,,360,360,8600,20,https://www.tplusmobile.com/view/phoneChrgeSystem/getUsimChrgeSystemList.do
티플 파워음성2,0,,,55,35,2400,20,https://www.tplusmobile.com/view/phoneChrgeSystem/getUsimChrgeSystemList.do
티플 표준천사,0,,,0,0,1004,20,https://www.tplusmobile.com/view/phoneChrgeSystem/getUsimChrgeSystemList.do
LTE 스마트데이터 10GB(6개월 할인),10000,,,0,0,6600,20,https://www.tplusmobile.com/view/phoneChrgeSystem/getUsimChrgeSystemList.do
LTE 스마트데이터 20GB(6개월 할인),20000,,,0,0,9900,20,https://www.tplusmobile.com/view/phoneChrgeSystem/getUsimChrgeSystemList.do
USIM 데이터ON 2.5GB,2500,,,-1,-1,22000,20,https://www.tplusmobile.com/view/phoneChrgeSystem/getUsimChrgeSystemList.do
USIM 데이터ON 3.0GB,3000,,,-1,-1,26900,20,https://www.tplusmobile.com/view/phoneChrgeSystem/getUsimChrgeSystemList.do
USIM 데이터ON 100GB,100000,,,-1,-1,45100,20,https://www.tplusmobile.com/view/phoneChrgeSystem/getUsimChrgeSystemList.do
데이터마음껏 100분/100건 (6개월 할인),0,,,100,100,3300,20,https://www.tplusmobile.com/view/phoneChrgeSystem/getUsimChrgeSystemList.do
데이터마음껏 150분/150건,0,,,150,150,7400,20,https://www.tplusmobile.com/view/phoneChrgeSystem/getUsimChrgeSystemList.do
데이터마음껏 100분/500건,0,,,100,500,7900,20,https://www.tplusmobile.com/view/phoneChrgeSystem/getUsimChrgeSystemList.do
데이터마음껏 150분/1000건,0,,,150,1000,11900,20,https://www.tplusmobile.com/view/phoneChrgeSystem/getUsimChrgeSystemList.do
데이터마음껏 250M+,250,,,100,100,12500,20,https://www.tplusmobile.com/view/phoneChrgeSystem/getUsimChrgeSystemList.do
데이터마음껏 1GB+,1000,,,100,100,15200,20,https://www.tplusmobile.com/view/phoneChrgeSystem/getUsimChrgeSystemList.do
데이터마음껏 2GB+,2000,,,100,100,16500,20,https://www.tplusmobile.com/view/phoneChrgeSystem/getUsimChrgeSystemList.do
데이터마음껏 3GB+,3000,,,100,100,19200,20,https://www.tplusmobile.com/view/phoneChrgeSystem/getUsimChrgeSystemList.do
티플안심무한 300분/15G+,15000,,,300,300,28900,20,https://www.tplusmobile.com/view/phoneChrgeSystem/getUsimChrgeSystemList.do
완전마음껏 시니어2G+ (6개월 할인),2000,,,-1,-1,5500,20,https://www.tplusmobile.com/view/phoneChrgeSystem/getUsimChrgeSystemList.do
완전마음껏 시니어4G+,4000,,,-1,-1,12100,20,https://www.tplusmobile.com/view/phoneChrgeSystem/getUsimChrgeSystemList.do
데이터마음껏 시니어0.5G+,512,,,300,300,5500,20,https://www.tplusmobile.com/view/phoneChrgeSystem/getUsimChrgeSystemList.do
시니어표준,500,,,100,100,2900,20,https://www.tplusmobile.com/view/phoneChrgeSystem/getUsimChrgeSystemList.do
시니어스페셜4G+,4000,,,-1,-1,9920,20,https://www.tplusmobile.com/view/phoneChrgeSystem/getUsimChrgeSystemList.do
시니어스페셜8G+,8000,,,-1,-1,14380,20,https://www.tplusmobile.com/view/phoneChrgeSystem/getUsimChrgeSystemList.do
우체국 티플데이터6G,6000,,,300,300,6000,20,https://www.tplusmobile.com/view/phoneChrgeSystem/getUsimChrgeSystemList.do
우체국 티플데이터2.5G,2500,,,200,200,4000,20,https://www.tplusmobile.com/view/phoneChrgeSystem/getUsimChrgeSystemList.do
우체국 티플음성200,100,,,200,200,2000,20,https://www.tplusmobile.com/view/phoneChrgeSystem/getUsimChrgeSystemList.do
티플 10GB (10GB/0분),10000,,,0,0,7500,20,https://www.tplusmobile.com/view/phoneChrgeSystem/getUsimChrgeSystemList.do
티플 10GB (10GB/100분),10000,,,100,100,7990,20,https://www.tplusmobile.com/view/phoneChrgeSystem/getUsimChrgeSystemList.do
티플 10GB (10GB/200분),10000,,,200,100,8500,20,https://www.tplusmobile.com/view/phoneChrgeSystem/getUsimChrgeSystemList.do
티플 10GB (10GB/300분),10000,,,300,100,8990,20,https://www.tplusmobile.com/view/phoneChrgeSystem/getUsimChrgeSystemList.do
LTE 복지 (150분/1.5GB),1500,,,150,150,7920,20,https://www.tplusmobile.com/view/phoneChrgeSystem/getUsimChrgeSystemList.do
